{
 "Twilight / Life and Death (Twilight, #1, 1.75)": 13.390342052313883,
 "Click-Clack the Rattlebag": 9.10344827586207,
 "The Ship of the Dead (Magnus Chase and the Gods of Asgard, #3)": 8.0,
 "Sleeping Beauties": 7.944444444444445,
 "Draculas": 7.027777777777778,
 "The Halloween Tree": 6.941747572815534,
 "Venom & Vanilla (The Venom Trilogy, #1)": 6.678571428571428,
 "Dark Storm (Dark, #20)": 5.6571428571428575,
 "Leave the Window Open (The Archived, #2.5)": 5.6375,
 "Crimson Death (Anita Blake, Vampire Hunter #25)": 5.541353383458646,
 "Dark Currents (Agent of Hel, #1)": 5.5,
 "The Rules of Magic": 5.170940170940171,
 "Possession (Fallen Angels, #5)": 5.0703125,
 "Riding Red (Fairytale Shifter, #1)": 5.021739130434783,
 "Slasher Girls & Monster Boys": 4.159663865546219,
 "Brighter Than the Sun (Charley Davidson #8.5)": 4.4,
 "Steelheart (Reckoners, #1)": 4.3344370860927155,
 "Forest of a Thousand Lanterns (Rise of the Empress, #1)": 4.125,
 "The House": 3.9787234042553195,
 "A Night in the Lonesome October": 3.8446601941747574,
 "Saving Grace (Mad World, #2)": 3.704663212435233,
 "Gelombang": 3.6413793103448278,
 "Endless": 3.515463917525773,
 "Immortal (Fallen Angels, #6)": 3.5126050420168067,
 "The Hammer of Thor (Magnus Chase and the Gods of Asgard, #2)": 3.456597222222222,
 "Goldenhand (Abhorsen, #5)": 3.4491525423728815,
 "Dracula the Un-Dead": 3.407079646017699,
 "The Sword of Summer (Magnus Chase and the Gods of Asgard, #1)": 3.36066763425254,
 "Silber: Das dritte Buch der Tr\u00e4ume (Silber, #3)": 3.353658536585366,
 "The Blood of Olympus (The Heroes of Olympus, #5)": 3.31479217603912,
 "Harry Potter y el legado maldito (Harry Potter #8)": 3.2476190476190476,
 "The Last Hour of Gann": 3.176056338028169,
 "Black and Blue (Otherworld Assassin, #2)": 3.1752577319587627,
 "The Collectors\u2019 Society (The Collectors\u2019 Society, #1)": 3.1565217391304348,
 "Darkness Awakened (Darkness, #1)": 3.1058823529411765,
 "The Bear and the Nightingale": 3.072072072072072,
 "The Heavens Rise": 3.0632911392405062,
 "Red Hill (Red Hill, #1)": 3.0589887640449436,
 "The Call (The Call, #1)": 3.048689138576779,
 "Autumn Bones (Agent of Hel, #2)": 3.0344827586206895,
 "Vassa in the Night": 2.9240506329113924,
 "Carry On": 2.086206896551724,
 "Archangel's Viper (Guild Hunter, #10)": 2.9,
 "An Enchantment of Ravens": 2.888030888030888,
 "Harry Potter and the Philosopher's Stone (Harry Potter, #1)": 2.8641509433962264,
 "Shadows of Self (Mistborn, #5)": 2.8340611353711793,
 "Smiley (New Species, #13)": 2.8205128205128203,
 "Blythewood (Blythewood, #1)": 2.7966101694915255,
 "Light My Fire (Dragon Kin, #7)": 2.7789473684210524,
 "Darkness Unbound (Dark Angels, #1)": 2.7766990291262137,
 "Into the Woods: Tales from the Hollows and Beyond (The Hollows, #10.1)": 2.7757009345794392,
 "Percy Jackson's Greek Heroes": 2.75,
 "Moon Chosen (Tales of a New World #1)": 2.75,
 "A Vision of Fire (The Earthend Saga #1)": 2.7216494845360826,
 "(Don't You) Forget About Me": 2.706349206349206,
 "Revealed (House of Night, #11)": 2.704166666666667,
 "Destined (Destined, #1)": 2.635416666666667,
 "A Monster Calls": 2.6338028169014085,
 "The Iron Traitor (The Iron Fey: Call of the Forgotten, #2)": 2.6013513513513513,
 "Fall From Grace (Mad World, #1)": 2.592857142857143,
 "The Boy Who Drew Monsters": 2.588235294117647,
 "The House of Hades (The Heroes of Olympus, #4)": 2.580329871716555,
 "Snuff (Discworld, #39; City Watch #8)": 2.5470737913486006,
 "Hidden (House of Night, #10)": 2.53125,
 "Dragos Takes a Holiday (Elder Races, #6.5)": 2.5,
 "Covet (The Clann, #2)": 2.5,
 "The Accidental Highwayman: Being the Tale of Kit Bristol, His Horse Midnight, a Mysterious Princess, and Sundry Magical Persons Besides (Adventures of Kit Bristol, #1)": 2.4672897196261685,
 "Nightfall": 2.466666666666667,
 "The Graveyard Book": 2.431578947368421,
 "The Young Elites (The Young Elites, #1)": 2.4257894736842105,
 "The Devil's Metal (Devils, #1)": 2.412280701754386,
 "Beauty Dates the Beast (Midnight Liaisons, #1)": 2.40952380952381,
 "And the Trees Crept In": 2.3833333333333333,
 "Haunted on Bourbon Street  (Jade Calhoun, #1)": 2.375,
 "Serpent's Kiss (Elder Races, #3)": 2.37125748502994,
 "Redeemed (House of Night, #12)": 2.335907335907336,
 "Dark Heart of Magic (Black Blade, #2)": 2.3333333333333335,
 "Feel the Burn (Dragon Kin, #8)": 2.329411764705882,
 "One Lucky Vampire (Argeneau, #19)": 2.3211009174311927,
 "Destined (House of Night, #9)": 2.3157894736842106,
 "The Martian": 2.29746835443038,
 "Broken Soul (Jane Yellowrock, #8)": 2.291666666666667,
 "This Book Is Full of Spiders (John Dies at the End, #2)": 2.281481481481481,
 "Through the Dark (The Darkest Minds, #1.5, #2.5, #3.5)": 2.279279279279279,
 "Fiendish": 2.272727272727273,
 "Ashley Bell": 2.245674740484429,
 "The Night Circus": 2.2427184466019416,
 "Harry Potter and the Chamber of Secrets (Harry Potter, #2)": 2.240740740740741,
 "Sixth of the Dusk": 2.238938053097345,
 "Touch (Denazen, #1)": 2.2357723577235773,
 "When the Moon Was Ours": 2.2350597609561755,
 "The Mark of Athena (The Heroes of Olympus, #3)": 2.2312739201749587,
 "Crane (The Legends Saga, #1)": 2.2261904761904763,
 "Master of Crows (Master of Crows, #1)": 2.21078431372549,
 "Enchantress (Evermen Saga, #1)": 2.1999999999999997,
 "Extraordinary (Impossible #2)": 2.1843971631205674,
 "Tempt the Stars (Cassandra Palmer, #6)": 2.183823529411765,
 "Say Her Name": 2.1825396825396823,
 "Three Dark Crowns (Three Dark Crowns, #1)": 2.032608695652174,
 "Reap the Wind (Cassandra Palmer, #7)": 2.1758241758241756,
 "Radiant (Unearthly, #2.5)": 2.1719745222929934,
 "The Midnight Star (The Young Elites, #3)": 2.1625386996904026,
 "Haze (The Rephaim, #2)": 2.154639175257732,
 "All the Crooked Saints": 2.1521739130434785,
 "Crooked Kingdom (Six of Crows, #2)": 2.1463414634146343,
 "Shadows": 2.140939597315436,
 "The Traitor Baru Cormorant (Baru Cormorant #1)": 2.138888888888889,
 "Daughter of Smoke and Bone (Daughter of Smoke & Bone, #1)": 2.1343283582089554,
 "The Dead Girls of Hysteria Hall": 2.1333333333333333,
 "Enchantment (Channie, #1)": 2.13265306122449,
 "Angels Of Darkness (Alphas, #0.5; Guild Hunter, #3.5; The Guardians, #7.5; Samaria)": 2.1241379310344826,
 "Poison Princess (The Arcana Chronicles, #1)": 2.120150187734668,
 "Rooms": 2.1119999999999997,
 "After Dead: What Came Next in the World of Sookie Stackhouse (Sookie Stackhouse, #13.5)": 2.1104651162790695,
 "Six of Crows (Six of Crows, #1)": 2.10546875,
 "Unmarked (The Legion, #2)": 2.0952380952380953,
 "Charming (Pax Arcana, #1)": 2.092391304347826,
 "Enshadowed (Nevermore, #2)": 2.088607594936709,
 "The Queen of the Tearling (The Queen of the Tearling, #1)": 2.077777777777778,
 "How to Walk Like a Man (Howl At The Moon #2)": 2.0705882352941174,
 "The Wonder of All Things": 2.0705882352941174,
 "Rapture (Fallen Angels, #4)": 2.0698924731182795,
 "The Aeronaut's Windlass (The Cinder Spires, #1)": 2.0655737704918034,
 "Welcome to Night Vale (Night Vale, #1)": 2.064784053156146,
 "The Black Key (The Lone City, #3)": 2.0625,
 "Shutter": 2.0625,
 "Eat Prey Love (Love at Stake, #9)": 2.0625,
 "The Last Days of Jack Sparks": 2.0625,
 "John Dies at the End (John Dies at the End, #1)": 2.0549450549450547,
 "Nightmares! (Nightmares!, #1)": 2.050847457627119,
 "Dreamhunter (The Dreamhunter Duet, #1)": 2.046511627906977,
 "Wander Dust (The Seraphina Parrish Trilogy, #1)": 2.046511627906977,
 "Iced (Fever, #6)": 2.0415140415140414,
 "Conversion (Conversion, #1)": 2.033613445378151,
 "Lucid": 2.032608695652174,
 "How to Hang a Witch (How to Hang a Witch, #1)": 2.024,
 "A Knight of the Seven Kingdoms (The Tales of Dunk and Egg, #1-3)": 2.022670025188917,
 "You Are Mine (Mine, #1)": 2.010752688172043,
 "The Faerie War (Creepy Hollow, #3)": 2.010752688172043,