{
 "The Ship of the Dead (Magnus Chase and the Gods of Asgard, #3)": 87.3529411764706,
 "Sleeping Beauties": 78.73684210526315,
 "The Language of Thorns: Midnight Tales and Dangerous Magic": 16.008928571428573,
 "An Enchantment of Ravens": 15.644444444444444,
 "Slasher Girls & Monster Boys": 7.5025641025641026,
 "The Rules of Magic": 10.74712643678161,
 "The Halloween Tree": 10.488372093023255,
 "Twilight / Life and Death (Twilight, #1, 1.75)": 10.416961130742049,
 "Forest of a Thousand Lanterns (Rise of the Empress, #1)": 8.83606557377049,
 "One Dark Throne (Three Dark Crowns, #2)": 8.816793893129772,
 "Steelheart (Reckoners, #1)": 8.79059829059829,
 "Click-Clack the Rattlebag": 8.76271186440678,
 "Crimson Death (Anita Blake, Vampire Hunter #25)": 8.642857142857142,
 "All the Crooked Saints": 8.516129032258064,
 "Dark Storm (Dark, #20)": 8.114754098360654,
 "Possession (Fallen Angels, #5)": 7.7,
 "Brighter Than the Sun (Charley Davidson #8.5)": 7.4799999999999995,
 "Draculas": 7.281690140845071,
 "Venom & Vanilla (The Venom Trilogy, #1)": 6.8915662650602405,
 "Archangel's Viper (Guild Hunter, #10)": 6.77906976744186,
 "The House": 6.6000000000000005,
 "Immortal (Fallen Angels, #6)": 6.444444444444445,
 "The Blood of Olympus (The Heroes of Olympus, #5)": 6.1819515774027884,
 "A Night in the Lonesome October": 6.179775280898876,
 "Tempt the Stars (Cassandra Palmer, #6)": 6.076190476190477,
 "Crooked Kingdom (Six of Crows, #2)": 4.59493670886076,
 "Jane, Unlimited": 5.5,
 "Harry Potter y el legado maldito (Harry Potter #8)": 5.260869565217392,
 "Blood and Salt (Blood and Salt, #1)": 5.204301075268817,
 "The Dreadful Tale of Prosper Redding (The Dreadful Tale of Prosper Redding #1)": 5.197802197802197,
 "The Hammer of Thor (Magnus Chase and the Gods of Asgard, #2)": 5.168932038834951,
 "Silber: Das dritte Buch der Tr\u00e4ume (Silber, #3)": 5.123287671232877,
 "Shadows of Self (Mistborn, #5)": 5.0812182741116745,
 "Riding Red (Fairytale Shifter, #1)": 5.021739130434783,
 "Goldenhand (Abhorsen, #5)": 4.934579439252337,
 "Dark Currents (Agent of Hel, #1)": 4.919597989949749,
 "Rapture (Fallen Angels, #4)": 4.785714285714286,
 "Fury's Kiss (Dorina Basarab, #3)": 4.591304347826087,
 "The Sword of Summer (Magnus Chase and the Gods of Asgard, #1)": 4.569630212431156,
 "The Call (The Call, #1)": 4.564315352697095,
 "Before She Ignites (Fallen Isles Trilogy #1)": 4.560975609756098,
 "Death's Rival (Jane Yellowrock, #5)": 4.504761904761905,
 "The Creeping Shadow (Lockwood & Co., #4)": 4.495652173913043,
 "Endless": 4.472527472527472,
 "The Midnight Star (The Young Elites, #3)": 4.46,
 "Broken Soul (Jane Yellowrock, #8)": 4.373493975903615,
 "Red Hill (Red Hill, #1)": 4.352760736196319,
 "The House of Hades (The Heroes of Olympus, #4)": 4.3106060606060606,
 "One Lucky Vampire (Argeneau, #19)": 4.284210526315789,
 "Tower of Dawn (Throne of Glass, #6)": 4.2735191637630665,
 "Frost Like Night (Snow Like Ashes, #3)": 4.239583333333334,
 "And the Trees Crept In": 4.150943396226415,
 "Unmarked (The Legion, #2)": 4.068493150684931,
 "Dark Heart of Magic (Black Blade, #2)": 4.0,
 "Endless Knight (The Arcana Chronicles, #2)": 3.9945799457994577,
 "The Darkest Surrender  (Lords of the Underworld #8)": 3.9357798165137616,
 "Carry On": 2.8,
 "Moon Chosen (Tales of a New World #1)": 3.8823529411764706,
 "Godsgrave (The Nevernight Chronicle, #2)": 3.845528455284553,
 "The Heavens Rise": 3.8133333333333335,
 "The Iron Traitor (The Iron Fey: Call of the Forgotten, #2)": 3.7905405405405403,
 "Serpent's Kiss (Elder Races, #3)": 3.7880794701986757,
 "Black and Blue (Otherworld Assassin, #2)": 3.7849462365591395,
 "Three Dark Crowns (Three Dark Crowns, #1)": 3.2738095238095237,
 "Rooms": 3.7657657657657655,
 "Angels Of Darkness (Alphas, #0.5; Guild Hunter, #3.5; The Guardians, #7.5; Samaria)": 3.751937984496124,
 "Dark Predator (Dark, #19)": 3.706521739130435,
 "Lost in Time (Blue Bloods, #6)": 3.688235294117647,
 "Seventh Grave and No Body (Charley Davidson, #7)": 3.6791808873720138,
 "Covet (The Clann, #2)": 3.666666666666667,
 "Wonder Woman: Warbringer (DC Icons, #1)": 3.595641646489104,
 "A Mad Zombie Party (White Rabbit Chronicles, #4)": 3.567567567567567,
 "The Aeronaut's Windlass (The Cinder Spires, #1)": 3.5631229235880397,
 "Gelombang": 3.5410958904109586,
 "The Collectors\u2019 Society (The Collectors\u2019 Society, #1)": 3.5357142857142856,
 "Dracula the Un-Dead": 3.5357142857142856,
 "Beyond the Veil (The Grey Wolves, #5)": 3.4878048780487805,
 "Menagerie (Menagerie, #1)": 3.4802259887005653,
 "Into the Woods: Tales from the Hollows and Beyond (The Hollows, #10.1)": 3.4509803921568625,
 "Smiley (New Species, #13)": 3.4375,
 "The Faerie War (Creepy Hollow, #3)": 3.4047619047619047,
 "The Queen of Zombie Hearts (White Rabbit Chronicles, #3)": 3.3846153846153846,
 "Taken by Midnight (Midnight Breed, #8)": 3.3846153846153846,
 "Destined (Destined, #1)": 3.384615384615384,
 "Unblemished (Unblemished #1)": 3.375,
 "Autumn Bones (Agent of Hel, #2)": 3.364705882352941,
 "The Black Key (The Lone City, #3)": 3.3431372549019605,
 "Spiral of Need (The Mercury Pack, #1)": 3.320754716981132,
 "Crane (The Legends Saga, #1)": 3.2435897435897436,
 "Velveteen": 3.224137931034483,
 "The Family Plot": 3.2195121951219514,
 "Hidden (House of Night, #10)": 3.217910447761194,
 "Spider\u2019s Revenge (Elemental Assassin, #5)": 3.2153846153846155,
 "The Night Circus": 3.2083333333333335,
 "Tales of the Peculiar (Miss Peregrine's Peculiar Children #0.5)": 3.20066889632107,
 "The Martian": 3.1959459459459456,
 "The Mark of Athena (The Heroes of Olympus, #3)": 3.193548387096774,
 "Saving Grace (Mad World, #2)": 3.1899999999999995,
 "Archangel's Legion (Guild Hunter, #6)": 3.1818181818181817,
 "Revealed (House of Night, #11)": 3.1767241379310347,
 "Empire of Storms (Throne of Glass, #5)": 3.170818505338078,
 "Senlin Ascends (The Books of Babel, #1)": 3.160919540229885,
 "Valkyrie Rising (Valkyrie, #1)": 3.1132075471698113,
 "Percy Jackson's Greek Heroes": 3.1025641025641026,
 "The Bone Season (The Bone Season, #1)": 3.098984771573604,
 "The Bear and the Nightingale": 3.072072072072072,
 "Unbreakable (The Legion, #1)": 3.0642857142857145,
 "Lumi\u00e8re (The Illumination Paradox, #1)": 3.048192771084337,
 "Redeemed (House of Night, #12)": 3.040650406504065,
 "The Devil's Metal (Devils, #1)": 3.0275229357798166,
 "Haunted on Bourbon Street  (Jade Calhoun, #1)": 3.011904761904762,
 "The Fall": 3.009433962264151,
 "A Fractured Light (A Beautiful Dark, #2)": 2.9902912621359223,
 "Vassa in the Night": 2.9682539682539684,
 "Between the Sea and Sky": 2.9537037037037037,
 "Something Wicked This Way Comes (Green Town, #2)": 2.9480737018425462,
 "Crave (Fallen Angels, #2)": 2.9457627118644067,
 "Silence (Hush, Hush, #3)": 2.914285714285714,
 "Library of Souls (Miss Peregrine's Peculiar Children, #3)": 2.9066059225512526,
 "Bright Smoke, Cold Fire (Bright Smoke, Cold Fire, #1)": 2.8992248062015507,
 "The Wonder of All Things": 2.8875,
 "The Republic of Thieves (Gentleman Bastard, #3)": 2.8843648208469053,
 "How to Hang a Witch (How to Hang a Witch, #1)": 2.8553191489361702,
 "Bound by Night (MoonBound Clan Vampire, #1)": 2.8537735849056602,
 "Catacomb (Asylum, #3)": 2.8426966292134828,
 "Stone Cold Touch (The Dark Elements, #2)": 2.8285714285714287,
 "Tandem (Many-Worlds, #1)": 2.7966101694915255,
 "The Hollow Boy (Lockwood & Co. #3)": 2.7955801104972378,
 "The Twelve (The Passage, #2)": 2.784180790960452,
 "The Rose Society (The Young Elites, #2)": 2.782010582010582,
 "The Young Elites (The Young Elites, #1)": 2.75,
 "Nightmares! (Nightmares!, #1)": 2.75,
 "Destined (House of Night, #9)": 2.75,
 "Zeroes (Zeroes, #1)": 2.7370892018779345,
 "Leave the Window Open (The Archived, #2.5)": 2.7216494845360826,
 "The Graveyard Book": 2.7204301075268815,